,toxic,severe_toxic,obscene,threat,insult,identity_hate
precision,0.04876504116529449,0.0,0.0052173913043478265,0.0,0.0,0.0
recall,0.01659840482862686,0.0,0.0011682242990654205,0.0,0.0,0.0
fbeta_score,0.024766806046960434,0.0,0.0019090041361756282,0.0,0.0,0.0
support,4639.0,476.0,2568.0,152.0,2398.0,428.0
roc_auc,0.49108418008498683,0.43326439573650355,0.46882672869612285,0.5080368192128322,0.48020695932242574,0.4548483468817559
