,toxic,severe_toxic,obscene,threat,insult,identity_hate
precision,0.8857589984350548,0.0,0.849106203995794,0.0,0.7873671044402751,0.0
recall,0.6100452683768054,0.0,0.6288940809968847,0.0,0.5250208507089241,0.0
fbeta_score,0.7224917028338014,0.0,0.7225950782997764,0.0,0.6299724793595196,0.0
support,4639.0,476.0,2568.0,152.0,2398.0,428.0
roc_auc,0.9540950391463358,0.9862526229947413,0.9743794037379729,0.9420161402697768,0.9655110973409219,0.9564712688177566
