,toxic,severe_toxic,obscene,threat,insult,identity_hate
precision,0.9135593220338983,0.0,0.8916518650088809,0.0,0.8012379642365888,0.0
recall,0.5809441690019401,0.0,0.5864485981308412,0.0,0.48582151793160966,0.0
fbeta_score,0.7102385030965872,0.0,0.7075405214940099,0.0,0.6048805815160956,0.0
support,4639.0,476.0,2568.0,152.0,2398.0,428.0
roc_auc,0.952411012760507,0.9861156174658071,0.9736172327414847,0.9474084413351043,0.9652835949316753,0.9537596502265093
