,toxic,severe_toxic,obscene,threat,insult,identity_hate
precision,0.8994243142566881,0.0,0.8641975308641975,0.0,0.7982216142270862,0.0
recall,0.5725371847380901,0.0,0.5996884735202492,0.0,0.4866555462885738,0.0
fbeta_score,0.6996838777660696,0.0,0.7080459770114943,0.0,0.6046632124352331,0.0
support,4639.0,476.0,2568.0,152.0,2398.0,428.0
roc_auc,0.9597534512196312,0.9867834444163347,0.9769247017914066,0.9453199908430275,0.9693177070501378,0.9535741021845041
