,toxic,severe_toxic,obscene,threat,insult,identity_hate
precision,0.9051490514905149,0.0,0.8643702906350915,0.0,0.7939666238767651,0.0
recall,0.5759862039232593,0.0,0.6253894080996885,0.0,0.5158465387823186,0.0
fbeta_score,0.7039915689632459,0.0,0.7257117035698146,0.0,0.6253791708796764,0.0
support,4639.0,476.0,2568.0,152.0,2398.0,428.0
roc_auc,0.9501385745918413,0.9842284301962052,0.971277060307182,0.9424970057363787,0.9633976783129913,0.9497295665064427
